{"ot;pogp": 0.9961505373990688, "bom;pogp": 0.9959067160416811, "bom;dnc": 0.9956703839479368, "bom;nt": 0.9943156217858847, "nt;pogp": 0.9937584554739832, "dnc;nt": 0.9930678550467469, "bom;ot": 0.9929015686290241, "dnc;pogp": 0.9925615737485951, "dnc;ot": 0.9898124011107885, "nt;ot": 0.9895082132244397}